Date,Day_Index,Website_Visitors
2025-01-01,1,470
2025-01-02,2,492
2025-01-03,3,477
2025-01-04,4,562
2025-01-05,5,550
2025-01-06,6,487
2025-01-07,7,523
2025-01-08,8,509
2025-01-09,9,528
2025-01-10,10,511
2025-01-11,11,602
2025-01-12,12,600
2025-01-13,13,473
2025-01-14,14,539
2025-01-15,15,533
2025-01-16,16,536
2025-01-17,17,485
2025-01-18,18,571
2025-01-19,19,595
2025-01-20,20,525
2025-01-21,21,548
2025-01-22,22,542
2025-01-23,23,559
2025-01-24,24,534
2025-01-25,25,645
2025-01-26,26,650
2025-01-27,27,543
2025-01-28,28,605
2025-01-29,29,580
2025-01-30,30,599
2025-01-31,31,556
2025-02-01,32,641
2025-02-02,33,654
2025-02-03,34,579
2025-02-04,35,601
2025-02-05,36,594
2025-02-06,37,580
2025-02-07,38,570
2025-02-08,39,669
2025-02-09,40,715
2025-02-10,41,584
2025-02-11,42,613
2025-02-12,43,621
2025-02-13,44,576
2025-02-14,45,618
2025-02-15,46,737
2025-02-16,47,657
2025-02-17,48,618
2025-02-18,49,627
2025-02-19,50,612
2025-02-20,51,648
2025-02-21,52,638
2025-02-22,53,690
2025-02-23,54,750
2025-02-24,55,666
2025-02-25,56,676
2025-02-26,57,691
2025-02-27,58,667
2025-02-28,59,665
2025-03-01,60,716
2025-03-02,61,767
2025-03-03,62,656
2025-03-04,63,663
2025-03-05,64,646
2025-03-06,65,657
2025-03-07,66,671
2025-03-08,67,803
2025-03-09,68,724
2025-03-10,69,657
2025-03-11,70,703
2025-03-12,71,736
2025-03-13,72,718
2025-03-14,73,659
2025-03-15,74,731
2025-03-16,75,806
2025-03-17,76,698
2025-03-18,77,691
2025-03-19,78,747
2025-03-20,79,753
2025-03-21,80,733
2025-03-22,81,822
2025-03-23,82,830
2025-03-24,83,778
2025-03-25,84,757
2025-03-26,85,758
2025-03-27,86,762
2025-03-28,87,712
2025-03-29,88,870
2025-03-30,89,865
2025-03-31,90,774
2025-04-01,91,715
2025-04-02,92,751
2025-04-03,93,791
2025-04-04,94,728
2025-04-05,95,856
